{"stats":{"minecraft:used":{"minecraft:moss_block":1,"minecraft:moss_carpet":3,"minecraft:stone_sword":1,"minecraft:poppy":1,"minecraft:shield":26,"minecraft:iron_sword":1,"minecraft:stone_hoe":17,"minecraft:torch":4,"minecraft:dirt":10,"minecraft:jungle_planks":12,"minecraft:carrot":20,"minecraft:axolotl_bucket":1,"minecraft:jungle_sapling":2,"minecraft:iron_axe":72,"minecraft:oak_sapling":2,"minecraft:furnace":5,"minecraft:egg":1,"minecraft:water_bucket":4,"minecraft:stone_pickaxe":291,"minecraft:wooden_pickaxe":18,"minecraft:glow_berries":3,"minecraft:crafting_table":6,"minecraft:apple":1,"minecraft:bread":3,"minecraft:melon_slice":14,"minecraft:iron_pickaxe":41,"minecraft:stone_slab":1,"minecraft:gravel":1,"minecraft:stone_axe":1,"minecraft:cobblestone":15,"minecraft:bucket":7,"minecraft:bone_meal":15},"minecraft:picked_up":{"minecraft:charcoal":6,"minecraft:cocoa_beans":2,"minecraft:crafting_table":7,"minecraft:wheat":16,"minecraft:chicken":2,"minecraft:clay_ball":45,"minecraft:stone_slab":2,"minecraft:wooden_pickaxe":3,"minecraft:brewing_stand":1,"minecraft:shield":8,"minecraft:string":13,"minecraft:moss_carpet":49,"minecraft:iron_axe":5,"minecraft:blackstone":4,"minecraft:cartography_table":1,"minecraft:bucket":3,"minecraft:azalea":7,"minecraft:jungle_sapling":46,"minecraft:poppy":1,"minecraft:melon_slice":14,"minecraft:chest":1,"minecraft:egg":1,"minecraft:furnace":4,"minecraft:raw_iron":176,"minecraft:stick":57,"minecraft:torch":66,"minecraft:acacia_log":6,"minecraft:carrot":36,"minecraft:arrow":13,"minecraft:rotten_flesh":2,"minecraft:tropical_fish":12,"minecraft:hay_block":46,"minecraft:glow_berries":3,"minecraft:cobblestone":285,"minecraft:magma_block":10,"minecraft:water_bucket":1,"minecraft:jungle_log":151,"minecraft:flint":1,"minecraft:oak_log":1,"minecraft:gunpowder":3,"minecraft:dirt":16,"minecraft:bone":8,"minecraft:apple":1,"minecraft:wheat_seeds":128,"minecraft:iron_ingot":10,"minecraft:stone_pickaxe":4,"minecraft:moss_block":4,"minecraft:flowering_azalea":4,"minecraft:stone_hoe":5,"minecraft:oak_planks":28,"minecraft:acacia_sapling":14,"minecraft:gravel":5,"minecraft:jungle_planks":50,"minecraft:slime_ball":1,"minecraft:stone_axe":1,"minecraft:granite":13,"minecraft:bone_meal":1,"minecraft:rooted_dirt":2,"minecraft:oak_sapling":2,"minecraft:coal":135},"minecraft:mined":{"minecraft:oak_sapling":2,"minecraft:brewing_stand":1,"minecraft:cave_vines_plant":1,"minecraft:grass_block":6,"minecraft:cartography_table":1,"minecraft:moss_block":2,"minecraft:hay_block":46,"minecraft:magma_block":14,"minecraft:furnace":4,"minecraft:carrots":9,"minecraft:jungle_sapling":2,"minecraft:iron_ore":130,"minecraft:fire":4,"minecraft:moss_carpet":4,"treechop:chopped_log":7,"minecraft:cave_vines":6,"minecraft:vine":4,"minecraft:azalea":1,"minecraft:stone":117,"minecraft:acacia_leaves":1,"minecraft:blackstone":1,"minecraft:clay":1,"minecraft:crafting_table":5,"minecraft:poppy":1,"minecraft:chest":1,"minecraft:dead_bush":12,"minecraft:stone_slab":1,"minecraft:tall_grass":116,"minecraft:wheat":24,"minecraft:grass":159,"minecraft:coal_ore":72,"minecraft:dirt":6,"minecraft:oak_leaves":1,"minecraft:fern":24},"minecraft:killed_by":{"minecraft:player":1,"minecraft:creeper":1,"minecraft:enderman":2,"minecraft:skeleton":4},"minecraft:broken":{"minecraft:stone_pickaxe":1},"minecraft:custom":{"minecraft:mob_kills":7,"minecraft:interact_with_crafting_table":29,"minecraft:leave_game":3,"minecraft:time_since_death":46555,"minecraft:climb_one_cm":4375,"minecraft:sprint_one_cm":174955,"minecraft:walk_one_cm":445420,"minecraft:damage_blocked_by_shield":1170,"minecraft:drop":39,"minecraft:play_time":111792,"minecraft:deaths":9,"minecraft:sneak_time":5419,"minecraft:walk_under_water_one_cm":3702,"minecraft:jump":2265,"minecraft:walk_on_water_one_cm":11338,"minecraft:total_world_time":111792,"minecraft:interact_with_furnace":54,"minecraft:sleep_in_bed":2,"minecraft:time_since_rest":6911,"minecraft:damage_taken":2796,"minecraft:damage_dealt":1599,"minecraft:fly_one_cm":217058,"minecraft:open_chest":2,"minecraft:crouch_one_cm":15260,"minecraft:fall_one_cm":73077},"minecraft:dropped":{"minecraft:bread":13,"minecraft:wheat_seeds":13,"minecraft:rooted_dirt":2,"minecraft:tropical_fish":5,"minecraft:stick":2,"minecraft:flint":1,"minecraft:dirt":1,"minecraft:stone_axe":2,"minecraft:stone_sword":1,"minecraft:cocoa_beans":2,"minecraft:oak_planks":28,"minecraft:carrot":16,"minecraft:shield":5,"minecraft:jungle_log":68,"minecraft:acacia_sapling":8,"minecraft:arrow":2,"minecraft:stone_pickaxe":2},"minecraft:crafted":{"minecraft:furnace":3,"minecraft:bone_meal":15,"minecraft:iron_boots":1,"minecraft:iron_axe":2,"minecraft:stone_pickaxe":4,"minecraft:stone_hoe":1,"minecraft:wheat":414,"minecraft:crafting_table":2,"minecraft:wooden_pickaxe":1,"minecraft:iron_helmet":1,"minecraft:iron_sword":1,"minecraft:bucket":2,"minecraft:stone_axe":1,"minecraft:bread":143,"minecraft:air":0,"minecraft:jungle_planks":60,"minecraft:iron_chestplate":1,"minecraft:charcoal":2,"minecraft:shield":6,"minecraft:stick":20,"minecraft:iron_ingot":64,"minecraft:iron_pickaxe":1,"minecraft:stone_sword":1,"minecraft:iron_leggings":1,"minecraft:acacia_planks":24,"minecraft:torch":44},"minecraft:killed":{"minecraft:spider":1,"naturalist:snail":1,"minecraft:skeleton":3,"minecraft:chicken":1,"minecraft:creeper":1}},"DataVersion":3465}