{"stats":{"minecraft:crafted":{"minecraft:crafting_table":1,"minecraft:wooden_pickaxe":1,"minecraft:furnace":1,"minecraft:bucket":1,"minecraft:bone_meal":15,"minecraft:air":0,"minecraft:jungle_planks":60,"minecraft:charcoal":2,"minecraft:shield":5,"minecraft:iron_axe":1,"minecraft:stick":12,"minecraft:iron_ingot":14,"minecraft:stone_pickaxe":3,"minecraft:torch":44,"minecraft:stone_hoe":1},"minecraft:mined":{"minecraft:oak_sapling":2,"minecraft:blackstone":1,"minecraft:clay":1,"minecraft:crafting_table":1,"minecraft:cave_vines_plant":1,"minecraft:grass_block":6,"minecraft:dead_bush":4,"minecraft:tall_grass":6,"minecraft:moss_block":1,"minecraft:magma_block":14,"minecraft:carrots":9,"minecraft:jungle_sapling":2,"minecraft:iron_ore":68,"minecraft:fire":4,"minecraft:moss_carpet":2,"treechop:chopped_log":6,"minecraft:grass":38,"minecraft:coal_ore":41,"minecraft:cave_vines":6,"minecraft:vine":4,"minecraft:dirt":6,"minecraft:azalea":1,"minecraft:stone":103,"minecraft:oak_leaves":1,"minecraft:fern":12},"minecraft:custom":{"minecraft:interact_with_furnace":17,"minecraft:mob_kills":6,"minecraft:interact_with_crafting_table":15,"minecraft:leave_game":2,"minecraft:time_since_death":261,"minecraft:climb_one_cm":3288,"minecraft:time_since_rest":313,"minecraft:sprint_one_cm":114197,"minecraft:damage_taken":2296,"minecraft:walk_one_cm":235251,"minecraft:damage_blocked_by_shield":1170,"minecraft:drop":17,"minecraft:damage_dealt":1485,"minecraft:fly_one_cm":142280,"minecraft:crouch_one_cm":13556,"minecraft:play_time":60210,"minecraft:deaths":8,"minecraft:sneak_time":4777,"minecraft:walk_under_water_one_cm":3702,"minecraft:jump":1261,"minecraft:walk_on_water_one_cm":10271,"minecraft:total_world_time":60210,"minecraft:fall_one_cm":52700},"minecraft:picked_up":{"minecraft:charcoal":6,"minecraft:crafting_table":2,"minecraft:magma_block":10,"minecraft:chicken":2,"minecraft:clay_ball":45,"minecraft:water_bucket":1,"minecraft:jungle_log":83,"minecraft:wooden_pickaxe":3,"minecraft:shield":7,"minecraft:gunpowder":3,"minecraft:dirt":15,"minecraft:string":13,"minecraft:moss_carpet":48,"minecraft:iron_axe":5,"minecraft:bone":8,"minecraft:blackstone":4,"minecraft:apple":1,"minecraft:wheat_seeds":30,"minecraft:bucket":3,"minecraft:iron_ingot":10,"minecraft:stone_pickaxe":3,"minecraft:azalea":7,"minecraft:jungle_sapling":45,"minecraft:moss_block":3,"minecraft:stone_hoe":5,"minecraft:flowering_azalea":4,"minecraft:egg":1,"minecraft:raw_iron":114,"minecraft:stick":50,"minecraft:torch":66,"minecraft:gravel":5,"minecraft:jungle_planks":50,"minecraft:carrot":36,"minecraft:arrow":11,"minecraft:rotten_flesh":2,"minecraft:tropical_fish":12,"minecraft:granite":13,"minecraft:bone_meal":1,"minecraft:oak_sapling":2,"minecraft:glow_berries":3,"minecraft:coal":97,"minecraft:cobblestone":253},"minecraft:broken":{"minecraft:stone_pickaxe":1},"minecraft:used":{"minecraft:moss_carpet":2,"minecraft:water_bucket":4,"minecraft:stone_pickaxe":219,"minecraft:shield":26,"minecraft:wooden_pickaxe":18,"minecraft:stone_hoe":17,"minecraft:torch":4,"minecraft:glow_berries":3,"minecraft:dirt":10,"minecraft:crafting_table":1,"minecraft:jungle_planks":12,"minecraft:carrot":20,"minecraft:axolotl_bucket":1,"minecraft:jungle_sapling":1,"minecraft:apple":1,"minecraft:iron_axe":67,"minecraft:gravel":1,"minecraft:cobblestone":15,"minecraft:furnace":1,"minecraft:oak_sapling":2,"minecraft:bucket":6,"minecraft:egg":1,"minecraft:bone_meal":15},"minecraft:killed":{"minecraft:spider":1,"minecraft:creeper":1,"minecraft:skeleton":3,"minecraft:chicken":1},"minecraft:killed_by":{"minecraft:player":1,"minecraft:skeleton":4,"minecraft:creeper":1,"minecraft:enderman":1},"minecraft:dropped":{"minecraft:tropical_fish":5,"minecraft:carrot":16,"minecraft:shield":4}},"DataVersion":3465}