{"stats":{"minecraft:crafted":{"minecraft:jungle_door":3,"minecraft:cobblestone_slab":12,"minecraft:crafting_table":2,"minecraft:stick":12,"minecraft:wooden_pickaxe":1,"minecraft:stone_pickaxe":2,"minecraft:wooden_axe":1,"minecraft:stone_sword":1,"minecraft:furnace":4,"minecraft:torch":8,"minecraft:stone_axe":1,"minecraft:air":0,"minecraft:cooked_mutton":3,"minecraft:jungle_planks":92},"minecraft:mined":{"minecraft:acacia_leaves":2,"minecraft:oak_sapling":3,"minecraft:fire":2,"treechop:chopped_log":3,"minecraft:grass":4,"minecraft:coal_ore":25,"minecraft:cobblestone_slab":4,"minecraft:jungle_planks":1,"minecraft:vine":5,"minecraft:jungle_log":6,"minecraft:cobblestone":14,"minecraft:stone":155,"minecraft:moss_block":1,"minecraft:oak_leaves":108,"minecraft:fern":3},"minecraft:picked_up":{"minecraft:cocoa_beans":6,"minecraft:stick":3,"minecraft:jungle_door":1,"minecraft:jungle_log":23,"minecraft:jungle_planks":64,"minecraft:carrot":5,"minecraft:shield":1,"minecraft:apple":1,"minecraft:cobblestone_slab":4,"minecraft:jungle_sapling":4,"minecraft:oak_sapling":11,"minecraft:moss_block":1,"minecraft:mutton":3,"minecraft:white_wool":2,"minecraft:coal":43,"minecraft:cobblestone":213},"minecraft:custom":{"minecraft:time_since_rest":2964,"minecraft:sprint_one_cm":79863,"minecraft:interact_with_furnace":11,"minecraft:damage_taken":356,"minecraft:walk_one_cm":177395,"minecraft:mob_kills":2,"minecraft:damage_dealt":254,"minecraft:interact_with_crafting_table":17,"minecraft:fly_one_cm":91155,"minecraft:crouch_one_cm":623,"minecraft:play_time":35628,"minecraft:deaths":1,"minecraft:sneak_time":540,"minecraft:jump":566,"minecraft:time_since_death":2929,"minecraft:climb_one_cm":3214,"minecraft:total_world_time":35628,"minecraft:fall_one_cm":20480},"minecraft:broken":{"minecraft:wooden_axe":1},"minecraft:used":{"minecraft:moss_block":1,"minecraft:jungle_sapling":1,"minecraft:wooden_axe":65,"minecraft:stone_sword":6,"minecraft:apple":1,"minecraft:stone_pickaxe":141,"minecraft:wooden_pickaxe":57,"minecraft:cobblestone_slab":13,"minecraft:torch":4,"minecraft:cobblestone":76,"minecraft:crafting_table":2,"minecraft:furnace":4,"minecraft:oak_sapling":4,"minecraft:jungle_planks":2,"minecraft:jungle_door":3,"minecraft:carrot":5},"minecraft:killed_by":{"minecraft:player":1},"minecraft:killed":{"minecraft:sheep":2}},"DataVersion":3465}