{"stats":{"minecraft:used":{"minecraft:moss_block":1,"minecraft:cooked_mutton":3,"minecraft:stone_sword":6,"minecraft:stone_pickaxe":205,"minecraft:oak_planks":4,"minecraft:wooden_pickaxe":57,"minecraft:cobblestone_slab":16,"minecraft:torch":5,"minecraft:crafting_table":3,"minecraft:jungle_planks":2,"minecraft:carrot":8,"minecraft:jungle_sapling":1,"minecraft:wooden_axe":65,"minecraft:apple":1,"minecraft:iron_axe":7,"minecraft:melon_slice":27,"minecraft:stone_axe":4,"minecraft:wooden_sword":26,"minecraft:cobblestone":76,"minecraft:oak_sapling":4,"minecraft:furnace":4,"minecraft:jungle_door":3,"minecraft:egg":1},"minecraft:picked_up":{"minecraft:cocoa_beans":6,"minecraft:crafting_table":1,"minecraft:chicken":2,"minecraft:jungle_log":23,"minecraft:leather":4,"minecraft:oak_log":24,"minecraft:brick":2,"minecraft:shield":2,"minecraft:string":2,"minecraft:dirt":1,"minecraft:moss_carpet":2,"minecraft:iron_axe":2,"minecraft:bone":3,"minecraft:apple":3,"minecraft:wheat_seeds":27,"minecraft:iron_ingot":22,"minecraft:beef":7,"minecraft:stone_pickaxe":1,"minecraft:cobblestone_slab":4,"minecraft:jungle_sapling":4,"minecraft:poppy":1,"minecraft:melon_slice":37,"minecraft:moss_block":1,"minecraft:oak_planks":28,"minecraft:acacia_sapling":9,"minecraft:egg":1,"minecraft:raw_iron":16,"minecraft:stick":61,"minecraft:jungle_door":1,"minecraft:acacia_log":1,"minecraft:porkchop":3,"minecraft:jungle_planks":64,"minecraft:carrot":8,"minecraft:arrow":2,"minecraft:rooted_dirt":2,"minecraft:oak_sapling":30,"minecraft:mutton":3,"minecraft:coal":51,"minecraft:white_wool":2,"minecraft:cobblestone":257},"minecraft:mined":{"minecraft:acacia_leaves":3,"minecraft:oak_sapling":3,"minecraft:crafting_table":1,"minecraft:acacia_log":1,"minecraft:poppy":1,"minecraft:melon":1,"minecraft:jungle_planks":1,"minecraft:jungle_log":6,"minecraft:dead_bush":11,"minecraft:tall_grass":133,"minecraft:cobblestone":14,"minecraft:moss_block":2,"minecraft:iron_ore":16,"minecraft:fire":2,"minecraft:moss_carpet":1,"treechop:chopped_log":4,"minecraft:grass":198,"minecraft:oak_log":6,"minecraft:coal_ore":33,"minecraft:cobblestone_slab":4,"minecraft:vine":5,"minecraft:azalea":2,"minecraft:stone":189,"minecraft:oak_leaves":127,"minecraft:fern":19},"minecraft:killed_by":{"naturalist:rattlesnake":1,"minecraft:player":1,"minecraft:skeleton":1},"minecraft:broken":{"minecraft:wooden_axe":1},"minecraft:dropped":{"minecraft:jungle_planks":62,"minecraft:shield":1,"minecraft:iron_axe":1,"minecraft:string":2},"minecraft:custom":{"minecraft:interact_with_furnace":13,"minecraft:mob_kills":11,"minecraft:interact_with_crafting_table":20,"minecraft:leave_game":1,"minecraft:time_since_death":1669,"minecraft:climb_one_cm":4663,"minecraft:time_since_rest":1691,"minecraft:sprint_one_cm":238106,"minecraft:damage_taken":1605,"minecraft:walk_one_cm":333526,"minecraft:drop":5,"minecraft:damage_dealt":1381,"minecraft:fly_one_cm":277733,"minecraft:player_kills":1,"minecraft:crouch_one_cm":5560,"minecraft:play_time":74785,"minecraft:deaths":4,"minecraft:sneak_time":2463,"minecraft:jump":2019,"minecraft:total_world_time":74785,"minecraft:fall_one_cm":73967},"minecraft:killed":{"minecraft:pig":1,"minecraft:spider":1,"minecraft:sheep":2,"minecraft:skeleton":2,"minecraft:chicken":2,"minecraft:player":1,"minecraft:cow":3},"minecraft:crafted":{"minecraft:wooden_sword":1,"minecraft:oak_planks":60,"minecraft:cobblestone_slab":12,"minecraft:crafting_table":3,"minecraft:wooden_pickaxe":1,"minecraft:furnace":4,"minecraft:stone_axe":1,"minecraft:cooked_mutton":3,"minecraft:air":0,"minecraft:jungle_planks":92,"minecraft:jungle_door":3,"minecraft:stick":12,"minecraft:stone_pickaxe":2,"minecraft:wooden_axe":1,"minecraft:stone_sword":1,"minecraft:torch":28}},"DataVersion":3465}