{"stats":{"minecraft:mined":{"minecraft:grass_block":7,"minecraft:decorated_pot":1,"minecraft:jungle_log":1,"minecraft:tall_grass":6,"minecraft:spruce_leaves":1,"minecraft:moss_block":3,"minecraft:coarse_dirt":2,"minecraft:carrots":1,"minecraft:moss_carpet":1,"treechop:chopped_log":2,"minecraft:grass":5,"minecraft:oak_log":1,"minecraft:vine":1,"minecraft:dirt":5,"minecraft:azalea":2,"minecraft:stone":15,"minecraft:oak_leaves":13,"minecraft:fern":1},"minecraft:crafted":{"minecraft:oak_planks":4,"minecraft:crafting_table":1,"minecraft:wooden_pickaxe":1,"naturalist:cooked_lizard_tail":1,"minecraft:stone_axe":1,"minecraft:air":0,"minecraft:jungle_planks":12,"minecraft:charcoal":2,"minecraft:iron_axe":2,"minecraft:stick":12,"minecraft:iron_ingot":6,"minecraft:stone_pickaxe":1,"minecraft:torch":8},"minecraft:custom":{"minecraft:interact_with_furnace":14,"minecraft:mob_kills":15,"minecraft:interact_with_crafting_table":5,"minecraft:leave_game":7,"minecraft:time_since_death":7860,"minecraft:climb_one_cm":1117,"minecraft:time_since_rest":7898,"minecraft:sprint_one_cm":147010,"minecraft:damage_taken":824,"minecraft:walk_one_cm":104686,"minecraft:damage_blocked_by_shield":90,"minecraft:drop":3,"minecraft:damage_dealt":3044,"minecraft:fly_one_cm":243513,"minecraft:player_kills":1,"minecraft:crouch_one_cm":3857,"minecraft:play_time":67086,"minecraft:deaths":2,"minecraft:sneak_time":1371,"minecraft:jump":1364,"minecraft:walk_on_water_one_cm":1087,"minecraft:total_world_time":67086,"minecraft:fall_one_cm":49552},"minecraft:picked_up":{"minecraft:cocoa_beans":6,"minecraft:charcoal":2,"minecraft:shelter_pottery_sherd":3,"minecraft:coarse_dirt":2,"minecraft:jungle_log":25,"minecraft:wooden_pickaxe":2,"minecraft:oak_log":4,"minecraft:brick":9,"minecraft:shield":3,"naturalist:lizard_tail":1,"minecraft:dirt":17,"minecraft:iron_axe":2,"minecraft:bone":2,"minecraft:wheat_seeds":26,"minecraft:stone_pickaxe":6,"minecraft:azalea":3,"minecraft:jungle_sapling":6,"minecraft:moss_block":6,"minecraft:stick":13,"minecraft:jungle_door":1,"minecraft:torch":10,"minecraft:jungle_planks":2,"minecraft:carrot":12,"minecraft:stone_sword":1,"minecraft:rotten_flesh":8,"minecraft:stone_axe":2,"minecraft:oak_sapling":10,"minecraft:coal":16,"minecraft:white_wool":2,"minecraft:cobblestone":15},"minecraft:used":{"minecraft:azalea":1,"minecraft:stone_pickaxe":12,"minecraft:shield":4,"minecraft:wooden_pickaxe":6,"minecraft:rotten_flesh":8,"minecraft:torch":7,"minecraft:dirt":6,"minecraft:crafting_table":1,"minecraft:carrot":12,"minecraft:iron_axe":42,"minecraft:stone_axe":33,"naturalist:cooked_lizard_tail":1,"minecraft:coarse_dirt":1},"minecraft:killed_by":{"minecraft:zombie":1},"minecraft:killed":{"naturalist:lizard_tail":1,"minecraft:spider":4,"minecraft:skeleton":1,"minecraft:zombie":8,"naturalist:lizard":1},"minecraft:dropped":{"minecraft:cobblestone":7,"minecraft:iron_axe":1,"minecraft:stone_pickaxe":1}},"DataVersion":3465}