{"stats":{"minecraft:used":{"minecraft:azalea":1,"minecraft:stone_sword":6,"minecraft:stone_pickaxe":64,"minecraft:wooden_pickaxe":6,"minecraft:shield":4,"minecraft:rotten_flesh":8,"minecraft:torch":9,"minecraft:dirt":6,"minecraft:crafting_table":3,"minecraft:carrot":16,"minecraft:bread":5,"minecraft:iron_pickaxe":63,"minecraft:iron_axe":72,"minecraft:melon_slice":36,"minecraft:stone_axe":33,"minecraft:cobblestone":2,"minecraft:furnace":2,"minecraft:cooked_porkchop":4,"naturalist:cooked_lizard_tail":1,"minecraft:coarse_dirt":1},"minecraft:picked_up":{"minecraft:charcoal":2,"minecraft:cocoa_beans":18,"minecraft:shelter_pottery_sherd":7,"minecraft:coarse_dirt":4,"minecraft:jungle_log":155,"minecraft:wooden_pickaxe":4,"minecraft:tuff":8,"minecraft:oak_log":14,"minecraft:danger_pottery_sherd":2,"minecraft:brewing_stand":1,"minecraft:brick":15,"minecraft:shield":3,"naturalist:lizard_tail":1,"minecraft:string":3,"minecraft:dirt":29,"minecraft:iron_axe":4,"minecraft:bone":14,"minecraft:wheat_seeds":39,"minecraft:iron_ingot":3,"minecraft:stone_pickaxe":10,"naturalist:bug_net":1,"minecraft:jungle_sapling":14,"minecraft:azalea":4,"minecraft:bamboo":13,"minecraft:melon_slice":42,"minecraft:moss_block":12,"minecraft:furnace":2,"minecraft:raw_iron":115,"minecraft:stick":20,"minecraft:jungle_door":2,"minecraft:cooked_porkchop":2,"minecraft:torch":18,"minecraft:porkchop":14,"minecraft:jungle_planks":42,"minecraft:carrot":16,"minecraft:spider_eye":2,"minecraft:archer_pottery_sherd":2,"minecraft:brewer_pottery_sherd":2,"minecraft:arrow":8,"minecraft:stone_sword":3,"minecraft:rotten_flesh":8,"minecraft:slime_ball":1,"minecraft:stone_axe":4,"minecraft:emerald":3,"minecraft:oak_sapling":28,"minecraft:coal":19,"minecraft:white_wool":6,"minecraft:cobblestone":40},"minecraft:mined":{"minecraft:tuff":4,"minecraft:basalt":1,"minecraft:brewing_stand":1,"minecraft:emerald_ore":2,"minecraft:grass_block":7,"minecraft:melon":7,"minecraft:decorated_pot":3,"minecraft:jungle_log":1,"minecraft:stone_slab":2,"minecraft:tall_grass":6,"minecraft:spruce_leaves":1,"minecraft:moss_block":3,"minecraft:coarse_dirt":2,"minecraft:furnace":2,"minecraft:carrots":2,"minecraft:iron_ore":55,"minecraft:moss_carpet":1,"treechop:chopped_log":2,"minecraft:grass":7,"minecraft:coal_ore":3,"minecraft:deepslate_iron_ore":19,"minecraft:oak_log":1,"minecraft:vine":1,"minecraft:dirt":6,"minecraft:bamboo":1,"minecraft:azalea":2,"minecraft:stone":40,"minecraft:deepslate_emerald_ore":1,"minecraft:oak_leaves":13,"minecraft:fern":2},"minecraft:killed_by":{"minecraft:skeleton":1,"minecraft:zombie":2},"minecraft:broken":{"minecraft:stone_pickaxe":1},"minecraft:custom":{"minecraft:interact_with_furnace":34,"minecraft:mob_kills":23,"minecraft:interact_with_crafting_table":15,"minecraft:leave_game":8,"minecraft:time_since_death":29862,"minecraft:sleep_in_bed":1,"minecraft:climb_one_cm":2358,"minecraft:time_since_rest":7468,"minecraft:sprint_one_cm":369696,"minecraft:damage_taken":1950,"minecraft:walk_one_cm":165678,"minecraft:damage_blocked_by_shield":90,"minecraft:drop":10,"minecraft:damage_dealt":4613,"minecraft:fly_one_cm":727599,"minecraft:player_kills":1,"minecraft:open_chest":3,"minecraft:crouch_one_cm":5038,"minecraft:play_time":122407,"minecraft:deaths":4,"minecraft:sneak_time":1687,"minecraft:jump":3580,"minecraft:walk_on_water_one_cm":1181,"minecraft:total_world_time":122407,"minecraft:fall_one_cm":145810,"minecraft:horse_one_cm":18226},"minecraft:dropped":{"minecraft:iron_ingot":6,"minecraft:moss_block":3,"minecraft:oak_log":2,"minecraft:coarse_dirt":1,"minecraft:cobblestone":7,"minecraft:stick":7,"minecraft:dirt":6,"minecraft:iron_axe":1,"minecraft:stone_pickaxe":1},"minecraft:killed":{"minecraft:pig":3,"naturalist:lizard_tail":1,"minecraft:spider":5,"minecraft:creeper":1,"naturalist:snail":2,"minecraft:skeleton":2,"minecraft:zombie":8,"naturalist:lizard":1},"minecraft:crafted":{"minecraft:oak_planks":12,"minecraft:cooked_porkchop":2,"minecraft:crafting_table":3,"minecraft:wooden_pickaxe":1,"minecraft:iron_helmet":1,"minecraft:furnace":2,"naturalist:cooked_lizard_tail":1,"minecraft:stone_axe":1,"minecraft:air":0,"minecraft:jungle_planks":64,"minecraft:iron_boots":1,"minecraft:iron_chestplate":1,"minecraft:charcoal":2,"minecraft:shield":1,"minecraft:iron_axe":2,"minecraft:stick":20,"minecraft:iron_pickaxe":1,"minecraft:iron_ingot":48,"minecraft:stone_pickaxe":2,"minecraft:iron_leggings":1,"minecraft:torch":8,"naturalist:bug_net":1}},"DataVersion":3465}