{"stats":{"minecraft:picked_up":{"minecraft:stick":2,"minecraft:coarse_dirt":1},"minecraft:mined":{"minecraft:coarse_dirt":1,"minecraft:oak_leaves":4},"minecraft:custom":{"minecraft:jump":120,"minecraft:time_since_rest":8923,"minecraft:damage_dealt":188,"minecraft:crouch_one_cm":82,"minecraft:leave_game":5,"minecraft:play_time":8923,"minecraft:sprint_one_cm":14558,"minecraft:damage_taken":110,"minecraft:time_since_death":8923,"minecraft:walk_one_cm":7832,"minecraft:sneak_time":10,"minecraft:total_world_time":8923,"minecraft:climb_one_cm":937,"minecraft:fall_one_cm":5888,"minecraft:fly_one_cm":23558}},"DataVersion":3465}