{"stats":{"minecraft:used":{"minecraft:stone_pickaxe":92,"minecraft:wooden_pickaxe":8,"minecraft:dirt":2,"minecraft:crafting_table":5,"minecraft:apple":2,"minecraft:iron_axe":15,"minecraft:melon_slice":35,"minecraft:iron_pickaxe":62,"minecraft:iron_boots":1,"minecraft:stone_axe":81,"minecraft:cobblestone":65,"minecraft:bow":3,"minecraft:furnace":5},"minecraft:picked_up":{"minecraft:mud":1,"minecraft:cocoa_beans":6,"minecraft:shelter_pottery_sherd":2,"minecraft:crafting_table":4,"minecraft:feather":1,"minecraft:chicken":2,"minecraft:leather":4,"minecraft:jungle_log":13,"minecraft:oak_log":29,"minecraft:brick":4,"minecraft:gunpowder":2,"minecraft:dirt":9,"minecraft:string":1,"minecraft:iron_axe":2,"minecraft:wooden_sword":1,"minecraft:bone":3,"minecraft:apple":2,"minecraft:bow":1,"minecraft:wheat_seeds":33,"minecraft:iron_ingot":27,"minecraft:beef":7,"minecraft:stone_pickaxe":2,"minecraft:jungle_sapling":4,"minecraft:azalea":1,"minecraft:poppy":1,"minecraft:melon_slice":69,"minecraft:moss_block":3,"minecraft:oak_planks":79,"minecraft:acacia_sapling":6,"minecraft:furnace":5,"minecraft:stick":14,"minecraft:raw_iron":110,"minecraft:jungle_door":1,"minecraft:torch":24,"minecraft:raw_iron_block":1,"minecraft:porkchop":3,"minecraft:stone_sword":1,"minecraft:arrow":3,"minecraft:stone_axe":2,"minecraft:rooted_dirt":2,"minecraft:oak_sapling":34,"minecraft:coal":89,"minecraft:white_wool":2,"minecraft:cobblestone":133},"minecraft:mined":{"minecraft:crafting_table":3,"minecraft:grass_block":1,"minecraft:melon":11,"minecraft:jungle_log":2,"minecraft:cobblestone":14,"minecraft:tall_grass":2,"minecraft:oak_planks":1,"minecraft:raw_iron_block":1,"minecraft:furnace":5,"minecraft:mud":1,"minecraft:iron_ore":60,"treechop:chopped_log":5,"minecraft:grass":4,"minecraft:coal_ore":23,"minecraft:vine":1,"minecraft:dirt":1,"minecraft:stone":57,"minecraft:oak_leaves":7,"minecraft:fern":3},"minecraft:custom":{"minecraft:interact_with_furnace":35,"minecraft:mob_kills":14,"minecraft:interact_with_crafting_table":11,"minecraft:leave_game":2,"minecraft:time_since_death":44014,"minecraft:climb_one_cm":1492,"minecraft:time_since_rest":44014,"minecraft:sprint_one_cm":151978,"minecraft:damage_taken":332,"minecraft:walk_one_cm":71640,"minecraft:drop":28,"minecraft:damage_dealt":3144,"minecraft:fly_one_cm":285071,"minecraft:open_chest":1,"minecraft:crouch_one_cm":3373,"minecraft:play_time":44014,"minecraft:sneak_time":1791,"minecraft:jump":1452,"minecraft:total_world_time":44014,"minecraft:fall_one_cm":47543,"minecraft:horse_one_cm":6080},"minecraft:dropped":{"minecraft:iron_ingot":22,"minecraft:stone_axe":1,"minecraft:moss_block":3,"minecraft:shelter_pottery_sherd":1,"minecraft:wheat_seeds":12,"minecraft:oak_log":3,"minecraft:stone_sword":1,"minecraft:cocoa_beans":6,"minecraft:feather":1,"minecraft:stick":4,"minecraft:poppy":1,"minecraft:dirt":6,"minecraft:torch":5,"minecraft:melon_slice":27,"minecraft:azalea":1,"minecraft:oak_sapling":9,"minecraft:jungle_door":1,"minecraft:jungle_sapling":4,"minecraft:iron_axe":1,"minecraft:stone_pickaxe":2,"minecraft:white_wool":2,"minecraft:bone":2,"minecraft:brick":3},"minecraft:killed":{"naturalist:firefly":1,"minecraft:spider":1,"minecraft:iron_golem":1,"minecraft:creeper":3,"naturalist:snail":1,"minecraft:skeleton":5,"minecraft:zombie":1},"minecraft:crafted":{"minecraft:oak_planks":16,"minecraft:raw_iron":9,"minecraft:crafting_table":2,"minecraft:iron_helmet":1,"minecraft:wooden_pickaxe":1,"minecraft:furnace":3,"minecraft:stone_axe":1,"minecraft:air":0,"minecraft:iron_chestplate":1,"minecraft:iron_boots":1,"minecraft:shield":1,"minecraft:stick":8,"minecraft:iron_ingot":57,"minecraft:iron_pickaxe":1,"minecraft:stone_pickaxe":1,"minecraft:iron_leggings":1}},"DataVersion":3465}