{"stats":{"minecraft:crafted":{"minecraft:oak_planks":68,"minecraft:cooked_porkchop":3,"minecraft:wooden_pickaxe":1,"minecraft:cooked_chicken":2,"minecraft:stone_pickaxe":1,"minecraft:wooden_axe":1,"minecraft:torch":4,"minecraft:stone_axe":1,"minecraft:air":0,"minecraft:jungle_planks":32},"minecraft:mined":{"minecraft:oak_sapling":1,"minecraft:iron_ore":7,"minecraft:fire":18,"treechop:chopped_log":5,"minecraft:grass":22,"minecraft:coal_ore":21,"minecraft:chest":1,"minecraft:melon":28,"minecraft:vine":1,"minecraft:dirt":2,"minecraft:cobblestone":2,"minecraft:stone":38,"minecraft:oak_leaves":1,"minecraft:fern":9},"minecraft:picked_up":{"minecraft:stick":28,"minecraft:raw_iron":7,"minecraft:feather":5,"minecraft:chicken":3,"minecraft:jungle_log":10,"minecraft:torch":1,"minecraft:porkchop":3,"minecraft:oak_log":59,"minecraft:shield":1,"minecraft:redstone":2,"minecraft:dirt":2,"minecraft:rotten_flesh":1,"minecraft:apple":3,"minecraft:wheat_seeds":4,"minecraft:jungle_sapling":1,"minecraft:oak_sapling":30,"minecraft:melon_slice":136,"minecraft:chest":1,"minecraft:coal":21,"minecraft:cobblestone":40,"minecraft:egg":2},"minecraft:custom":{"minecraft:time_since_rest":37518,"minecraft:interact_with_furnace":16,"minecraft:sprint_one_cm":75789,"minecraft:damage_taken":454,"minecraft:walk_one_cm":85459,"minecraft:damage_blocked_by_shield":70,"minecraft:mob_kills":10,"minecraft:drop":2,"minecraft:damage_dealt":1567,"minecraft:interact_with_crafting_table":5,"minecraft:fly_one_cm":200142,"minecraft:player_kills":1,"minecraft:open_chest":1,"minecraft:crouch_one_cm":1600,"minecraft:play_time":37518,"minecraft:sneak_time":2439,"minecraft:jump":950,"minecraft:leave_game":2,"minecraft:time_since_death":37518,"minecraft:climb_one_cm":1271,"minecraft:total_world_time":37518,"minecraft:fall_one_cm":37454},"minecraft:used":{"minecraft:golden_boots":1,"minecraft:jungle_sapling":1,"minecraft:wooden_axe":24,"minecraft:apple":1,"minecraft:flint_and_steel":37,"minecraft:melon_slice":11,"minecraft:stone_pickaxe":61,"minecraft:shield":3,"minecraft:wooden_pickaxe":9,"minecraft:cooked_chicken":2,"minecraft:stone_axe":85,"minecraft:fire_charge":1,"minecraft:oak_sapling":8,"minecraft:cooked_porkchop":2,"minecraft:jungle_planks":4,"minecraft:egg":1},"minecraft:killed":{"minecraft:pig":3,"minecraft:zombie":3,"minecraft:witch":1,"minecraft:chicken":3,"minecraft:player":1},"minecraft:dropped":{"minecraft:rotten_flesh":1,"minecraft:apple":1}},"DataVersion":3465}