{"stats":{"minecraft:used":{"minecraft:golden_boots":1,"minecraft:flint_and_steel":55,"minecraft:stone_pickaxe":131,"minecraft:oak_planks":2,"minecraft:shield":3,"minecraft:wooden_pickaxe":9,"minecraft:iron_sword":25,"minecraft:cooked_chicken":2,"minecraft:iron_chestplate":1,"minecraft:torch":1,"minecraft:crafting_table":3,"minecraft:jungle_planks":4,"minecraft:jungle_sapling":1,"minecraft:wooden_axe":24,"minecraft:apple":1,"minecraft:iron_axe":22,"minecraft:melon_slice":56,"minecraft:iron_pickaxe":140,"minecraft:iron_helmet":1,"minecraft:iron_boots":1,"minecraft:stone_axe":133,"minecraft:fire_charge":2,"minecraft:furnace":2,"minecraft:oak_sapling":8,"minecraft:cooked_porkchop":3,"minecraft:egg":1,"minecraft:iron_leggings":1},"minecraft:picked_up":{"minecraft:cocoa_beans":6,"minecraft:crafting_table":3,"minecraft:wheat":50,"minecraft:feather":7,"minecraft:chicken":3,"minecraft:jungle_log":13,"minecraft:stone_slab":1,"minecraft:oak_log":59,"minecraft:brewing_stand":1,"minecraft:shield":1,"minecraft:dirt":2,"minecraft:bone":2,"minecraft:apple":3,"minecraft:wheat_seeds":11,"minecraft:iron_ingot":1,"minecraft:jungle_sapling":3,"minecraft:bamboo":107,"minecraft:melon_slice":136,"minecraft:chest":1,"minecraft:oak_planks":6,"minecraft:furnace":2,"minecraft:egg":2,"minecraft:stick":30,"minecraft:raw_iron":103,"minecraft:pumpkin":21,"minecraft:torch":2,"minecraft:porkchop":8,"minecraft:redstone":2,"minecraft:orange_bed":1,"minecraft:arrow":1,"minecraft:rotten_flesh":1,"minecraft:hay_block":19,"minecraft:bread":13,"minecraft:emerald":1,"minecraft:oak_sapling":30,"minecraft:mutton":3,"minecraft:coal":158,"minecraft:white_wool":2,"minecraft:cobblestone":51},"minecraft:mined":{"minecraft:oak_sapling":1,"minecraft:dandelion":1,"minecraft:brewing_stand":1,"minecraft:crafting_table":3,"minecraft:torch":1,"minecraft:emerald_ore":1,"minecraft:grass_block":2,"minecraft:melon":28,"minecraft:chest":1,"minecraft:stone_slab":2,"minecraft:tall_grass":1,"minecraft:cobblestone":2,"minecraft:oak_planks":2,"minecraft:moss_block":1,"minecraft:hay_block":20,"minecraft:furnace":2,"minecraft:carrots":3,"minecraft:iron_ore":103,"minecraft:fire":30,"minecraft:pumpkin":21,"treechop:chopped_log":6,"minecraft:grass":44,"minecraft:coal_ore":114,"minecraft:cocoa":2,"minecraft:vine":2,"minecraft:dripstone_block":1,"minecraft:gravel":1,"minecraft:dirt":4,"minecraft:bamboo":10,"minecraft:stone":50,"minecraft:orange_bed":1,"minecraft:oak_leaves":1,"minecraft:fern":11},"minecraft:broken":{"minecraft:stone_pickaxe":1,"minecraft:stone_axe":1},"minecraft:custom":{"minecraft:interact_with_furnace":42,"minecraft:mob_kills":20,"minecraft:interact_with_crafting_table":17,"minecraft:leave_game":2,"minecraft:time_since_death":85831,"minecraft:sleep_in_bed":1,"minecraft:climb_one_cm":2530,"minecraft:time_since_rest":7536,"minecraft:sprint_one_cm":192631,"minecraft:damage_taken":934,"minecraft:walk_one_cm":207380,"minecraft:damage_blocked_by_shield":70,"minecraft:drop":20,"minecraft:damage_dealt":2687,"minecraft:fly_one_cm":480988,"minecraft:player_kills":1,"minecraft:open_chest":3,"minecraft:crouch_one_cm":1763,"minecraft:play_time":85831,"minecraft:sneak_time":2517,"minecraft:jump":2500,"minecraft:total_world_time":85831,"minecraft:fall_one_cm":92942},"minecraft:dropped":{"minecraft:golden_boots":1,"minecraft:stone_axe":1,"minecraft:wheat_seeds":11,"minecraft:chicken":1,"minecraft:rotten_flesh":1,"minecraft:oak_planks":4,"minecraft:apple":2,"minecraft:stone_slab":1,"minecraft:dirt":2,"minecraft:wooden_axe":1,"minecraft:melon_slice":32,"minecraft:jungle_sapling":2,"minecraft:arrow":1,"minecraft:wooden_pickaxe":1,"minecraft:redstone":2,"minecraft:egg":1},"minecraft:killed":{"minecraft:pig":6,"minecraft:witch":1,"minecraft:creeper":1,"naturalist:snail":1,"minecraft:skeleton":1,"minecraft:sheep":2,"naturalist:hippo":1,"minecraft:zombie":3,"minecraft:chicken":3,"naturalist:cardinal":1,"minecraft:player":1},"minecraft:crafted":{"minecraft:oak_planks":68,"minecraft:cooked_porkchop":3,"minecraft:crafting_table":1,"minecraft:iron_helmet":1,"minecraft:wooden_pickaxe":1,"minecraft:cooked_chicken":2,"minecraft:iron_sword":1,"minecraft:furnace":2,"minecraft:stone_axe":2,"minecraft:bread":57,"minecraft:air":0,"minecraft:jungle_planks":52,"minecraft:iron_boots":1,"minecraft:iron_chestplate":1,"minecraft:iron_axe":1,"minecraft:iron_ingot":31,"minecraft:iron_pickaxe":1,"minecraft:stone_pickaxe":1,"minecraft:wooden_axe":1,"minecraft:iron_leggings":1,"minecraft:torch":4,"minecraft:wheat":164}},"DataVersion":3465}