{"stats":{"minecraft:used":{"minecraft:moss_carpet":1,"minecraft:stone_pickaxe":236,"minecraft:shield":5,"minecraft:iron_sword":2,"minecraft:cooked_chicken":1,"minecraft:rotten_flesh":7,"minecraft:iron_chestplate":1,"minecraft:dirt":23,"minecraft:crafting_table":3,"minecraft:carrot":7,"minecraft:granite":1,"minecraft:apple":1,"minecraft:iron_axe":57,"minecraft:melon_slice":19,"minecraft:iron_pickaxe":83,"minecraft:iron_helmet":1,"minecraft:stone_slab":1,"minecraft:iron_boots":1,"minecraft:stone_axe":139,"minecraft:cobblestone":2,"minecraft:furnace":2,"minecraft:oak_sapling":12,"minecraft:bucket":1,"minecraft:coarse_dirt":6,"minecraft:iron_leggings":1,"minecraft:bone_meal":12},"minecraft:picked_up":{"minecraft:cocoa_beans":3,"minecraft:coarse_dirt":6,"minecraft:crafting_table":2,"minecraft:jungle_log":69,"minecraft:stone_slab":1,"minecraft:oak_log":21,"minecraft:brewing_stand":1,"minecraft:shield":3,"minecraft:red_bed":1,"minecraft:string":2,"minecraft:dirt":30,"minecraft:moss_carpet":1,"minecraft:iron_axe":1,"minecraft:bone":4,"minecraft:apple":1,"minecraft:wheat_seeds":34,"minecraft:iron_ingot":7,"minecraft:stone_pickaxe":3,"minecraft:cobblestone_slab":1,"minecraft:jungle_sapling":19,"minecraft:poppy":3,"minecraft:moss_block":1,"minecraft:melon_slice":96,"minecraft:acacia_sapling":14,"minecraft:furnace":2,"minecraft:raw_iron":174,"minecraft:stick":27,"minecraft:torch":2,"minecraft:dandelion":2,"minecraft:acacia_log":77,"minecraft:jungle_planks":66,"minecraft:carrot":12,"minecraft:red_terracotta":36,"minecraft:rotten_flesh":9,"minecraft:arrow":1,"minecraft:stone_axe":1,"minecraft:hay_block":12,"minecraft:granite":1,"minecraft:rooted_dirt":2,"minecraft:oak_sapling":21,"minecraft:coal":165,"minecraft:cobblestone":98},"minecraft:mined":{"minecraft:acacia_leaves":19,"minecraft:red_bed":1,"minecraft:dandelion":1,"minecraft:brewing_stand":1,"minecraft:granite":1,"minecraft:crafting_table":2,"minecraft:acacia_log":9,"minecraft:grass_block":9,"minecraft:melon":13,"minecraft:poppy":3,"minecraft:jungle_log":3,"minecraft:dead_bush":2,"minecraft:tall_grass":62,"minecraft:moss_block":2,"minecraft:rooted_dirt":2,"minecraft:hay_block":11,"minecraft:red_terracotta":36,"minecraft:coarse_dirt":6,"minecraft:furnace":2,"minecraft:carrots":7,"minecraft:wheat":6,"minecraft:iron_ore":107,"minecraft:fire":13,"minecraft:moss_carpet":1,"treechop:chopped_log":16,"minecraft:grass":165,"minecraft:cocoa":2,"minecraft:coal_ore":111,"minecraft:oak_log":13,"minecraft:cobblestone_slab":1,"minecraft:vine":3,"minecraft:dirt":13,"minecraft:azalea":1,"minecraft:stone":46,"minecraft:oak_leaves":29,"minecraft:fern":25},"minecraft:killed_by":{"minecraft:player":1},"minecraft:broken":{"minecraft:stone_pickaxe":1,"minecraft:stone_axe":1},"minecraft:dropped":{"minecraft:cobblestone":34,"minecraft:rotten_flesh":2,"minecraft:shield":1,"minecraft:melon_slice":14},"minecraft:custom":{"minecraft:interact_with_furnace":37,"minecraft:mob_kills":6,"minecraft:interact_with_crafting_table":13,"minecraft:leave_game":4,"minecraft:time_since_death":49082,"minecraft:sleep_in_bed":1,"minecraft:climb_one_cm":2679,"minecraft:time_since_rest":7536,"minecraft:sprint_one_cm":104704,"minecraft:damage_taken":806,"minecraft:walk_one_cm":353621,"minecraft:damage_blocked_by_shield":160,"minecraft:drop":8,"minecraft:damage_dealt":904,"minecraft:fly_one_cm":89398,"minecraft:open_chest":2,"minecraft:crouch_one_cm":5899,"minecraft:play_time":110445,"minecraft:deaths":1,"minecraft:sneak_time":1582,"minecraft:jump":1378,"minecraft:walk_on_water_one_cm":43,"minecraft:total_world_time":110445,"minecraft:fall_one_cm":28264},"minecraft:killed":{"minecraft:spider":1,"minecraft:creeper":1,"minecraft:skeleton":1,"minecraft:zombie":2,"minecraft:enderman":1},"minecraft:crafted":{"minecraft:oak_planks":32,"minecraft:crafting_table":2,"minecraft:iron_helmet":1,"minecraft:cooked_chicken":1,"minecraft:iron_sword":1,"minecraft:furnace":2,"minecraft:bucket":1,"minecraft:bone_meal":12,"minecraft:stone_axe":1,"minecraft:air":0,"minecraft:iron_boots":1,"minecraft:iron_chestplate":1,"minecraft:iron_axe":1,"minecraft:stick":12,"minecraft:iron_ingot":33,"minecraft:iron_pickaxe":1,"minecraft:stone_pickaxe":1,"minecraft:iron_leggings":1}},"DataVersion":3465}