{"stats":{"minecraft:crafted":{"minecraft:oak_planks":32,"minecraft:crafting_table":1,"minecraft:cooked_chicken":1,"minecraft:stone_pickaxe":1,"minecraft:bone_meal":12,"minecraft:stone_axe":1,"minecraft:air":0},"minecraft:mined":{"minecraft:acacia_leaves":10,"minecraft:coarse_dirt":5,"minecraft:carrots":3,"treechop:chopped_log":8,"minecraft:crafting_table":1,"minecraft:grass":30,"minecraft:acacia_log":4,"minecraft:grass_block":8,"minecraft:oak_log":13,"minecraft:coal_ore":5,"minecraft:vine":3,"minecraft:jungle_log":3,"minecraft:dirt":12,"minecraft:tall_grass":3,"minecraft:stone":29,"minecraft:moss_block":1,"minecraft:oak_leaves":23,"minecraft:rooted_dirt":2,"minecraft:fern":13},"minecraft:picked_up":{"minecraft:crafting_table":1,"minecraft:stick":23,"minecraft:coarse_dirt":6,"minecraft:jungle_log":61,"minecraft:acacia_log":5,"minecraft:oak_log":21,"minecraft:shield":2,"minecraft:carrot":7,"minecraft:dirt":22,"minecraft:iron_axe":1,"minecraft:apple":1,"minecraft:bone":4,"minecraft:arrow":1,"minecraft:rotten_flesh":7,"minecraft:wheat_seeds":5,"minecraft:jungle_sapling":9,"minecraft:rooted_dirt":2,"minecraft:oak_sapling":20,"minecraft:acacia_sapling":6,"minecraft:coal":5,"minecraft:cobblestone":36},"minecraft:custom":{"minecraft:time_since_rest":55953,"minecraft:interact_with_furnace":10,"minecraft:sprint_one_cm":25242,"minecraft:damage_taken":382,"minecraft:walk_one_cm":171926,"minecraft:damage_blocked_by_shield":60,"minecraft:mob_kills":4,"minecraft:drop":3,"minecraft:damage_dealt":525,"minecraft:interact_with_crafting_table":6,"minecraft:fly_one_cm":23127,"minecraft:crouch_one_cm":4967,"minecraft:play_time":55953,"minecraft:sneak_time":1093,"minecraft:jump":575,"minecraft:leave_game":2,"minecraft:time_since_death":55953,"minecraft:total_world_time":55953,"minecraft:climb_one_cm":1827,"minecraft:fall_one_cm":11386},"minecraft:used":{"minecraft:stone_pickaxe":35,"minecraft:shield":2,"minecraft:cooked_chicken":1,"minecraft:rotten_flesh":5,"minecraft:stone_axe":80,"minecraft:dirt":22,"minecraft:cobblestone":2,"minecraft:crafting_table":1,"minecraft:oak_sapling":12,"minecraft:carrot":7,"minecraft:bone_meal":12,"minecraft:coarse_dirt":5},"minecraft:killed":{"minecraft:skeleton":1,"minecraft:zombie":1,"minecraft:creeper":1,"minecraft:enderman":1},"minecraft:dropped":{"minecraft:shield":1,"minecraft:rotten_flesh":2}},"DataVersion":3465}