{
  "minecraft:recipes/decorations/crafting_table": {
    "criteria": {
      "unlock_right_away": "2024-06-04 01:41:07 +0000"
    },
    "done": true
  },
  "minecraft:adventure/adventuring_time": {
    "criteria": {
      "minecraft:sparse_jungle": "2024-06-04 01:41:08 +0000"
    },
    "done": false
  },
  "mcwfences:recipes/stone": {
    "criteria": {
      "has_stone": "2024-06-04 01:41:21 +0000"
    },
    "done": true
  },
  "mcwfences:recipes/end": {
    "criteria": {
      "has_end_brick": "2024-06-04 01:41:21 +0000"
    },
    "done": true
  },
  "mcwfences:recipes/bamboo": {
    "criteria": {
      "has_bamboo": "2024-06-04 01:41:21 +0000"
    },
    "done": true
  },
  "mcwfences:recipes/deepslate": {
    "criteria": {
      "has_deepslate": "2024-06-04 01:41:21 +0000"
    },
    "done": true
  },
  "mcwfences:recipes/dark_oak": {
    "criteria": {
      "has_dark_oak": "2024-06-04 01:41:21 +0000"
    },
    "done": true
  },
  "mcwfences:recipes/spruce": {
    "criteria": {
      "has_spruce": "2024-06-04 01:41:21 +0000"
    },
    "done": true
  },
  "mcwfences:recipes/crimson": {
    "criteria": {
      "has_crimson": "2024-06-04 01:41:21 +0000"
    },
    "done": true
  },
  "mcwfences:recipes/prismarine": {
    "criteria": {
      "has_qq": "2024-06-04 01:41:21 +0000"
    },
    "done": true
  },
  "mcwfences:recipes/quartz": {
    "criteria": {
      "has_qq": "2024-06-04 01:41:21 +0000"
    },
    "done": true
  },
  "mcwfences:recipes/sandstone": {
    "criteria": {
      "has_sand": "2024-06-04 01:41:21 +0000"
    },
    "done": true
  },
  "mcwfences:recipes/acacia": {
    "criteria": {
      "has_acacia": "2024-06-04 01:41:21 +0000"
    },
    "done": true
  },
  "mcwfences:recipes/jungle": {
    "criteria": {
      "has_jungle": "2024-06-04 01:41:21 +0000"
    },
    "done": true
  },
  "mcwfences:recipes/oak": {
    "criteria": {
      "has_oak": "2024-06-04 01:41:21 +0000"
    },
    "done": true
  },
  "naturalist:recipes/food/cooked_egg": {
    "criteria": {
      "has_eggs": "2024-06-04 01:41:21 +0000"
    },
    "done": true
  },
  "mcwfences:recipes/mud_brick": {
    "criteria": {
      "has_qq": "2024-06-04 01:41:21 +0000"
    },
    "done": true
  },
  "mcwfences:recipes/mangrove": {
    "criteria": {
      "has_mangrove": "2024-06-04 01:41:21 +0000"
    },
    "done": true
  },
  "mcwfences:recipes/warped": {
    "criteria": {
      "has_warped": "2024-06-04 01:41:21 +0000"
    },
    "done": true
  },
  "mcwfences:recipes/blackstone": {
    "criteria": {
      "has_blackstone": "2024-06-04 01:41:21 +0000"
    },
    "done": true
  },
  "mcwfences:recipes/hedge": {
    "criteria": {
      "has_birch": "2024-06-04 01:41:21 +0000"
    },
    "done": true
  },
  "mcwfences:recipes/nether": {
    "criteria": {
      "has_nether_brick": "2024-06-04 01:41:21 +0000"
    },
    "done": true
  },
  "mcwfences:recipes/birch": {
    "criteria": {
      "has_birch": "2024-06-04 01:41:21 +0000"
    },
    "done": true
  },
  "minecraft:recipes/misc/bone_meal": {
    "criteria": {
      "has_bone": "2024-06-04 01:41:34 +0000"
    },
    "done": true
  },
  "minecraft:adventure/root": {
    "criteria": {
      "killed_something": "2024-06-04 01:43:03 +0000"
    },
    "done": true
  },
  "minecraft:adventure/kill_all_mobs": {
    "criteria": {
      "minecraft:skeleton": "2024-06-04 01:57:29 +0000",
      "minecraft:creeper": "2024-06-04 01:54:34 +0000",
      "minecraft:enderman": "2024-06-04 01:43:03 +0000",
      "minecraft:zombie": "2024-06-04 01:57:41 +0000"
    },
    "done": false
  },
  "minecraft:adventure/kill_a_mob": {
    "criteria": {
      "minecraft:enderman": "2024-06-04 01:43:03 +0000"
    },
    "done": true
  },
  "mcwwindows:recipes/diorite": {
    "criteria": {
      "has_the_recipe": "2024-06-04 01:44:22 +0000"
    },
    "done": true
  },
  "mcwwindows:recipes/granite": {
    "criteria": {
      "has_the_recipe": "2024-06-04 01:44:22 +0000"
    },
    "done": true
  },
  "mcwwindows:recipes/andesite": {
    "criteria": {
      "has_the_recipe": "2024-06-04 01:44:22 +0000"
    },
    "done": true
  },
  "mcwbridges:recipes/oak_bridge_pier": {
    "criteria": {
      "has_planks": "2024-06-04 01:44:22 +0000"
    },
    "done": true
  },
  "mcwwindows:recipes/warped": {
    "criteria": {
      "has_the_recipe": "2024-06-04 01:44:22 +0000"
    },
    "done": true
  },
  "mcwwindows:recipes/mangrove": {
    "criteria": {
      "has_the_recipe": "2024-06-04 01:44:22 +0000"
    },
    "done": true
  },
  "mcwwindows:recipes/oak": {
    "criteria": {
      "has_wood": "2024-06-04 01:44:22 +0000"
    },
    "done": true
  },
  "mcwwindows:recipes/dark_oak": {
    "criteria": {
      "has_the_recipe": "2024-06-04 01:44:22 +0000"
    },
    "done": true
  },
  "minecraft:recipes/misc/charcoal": {
    "criteria": {
      "has_log": "2024-06-04 01:44:22 +0000"
    },
    "done": true
  },
  "mcwwindows:recipes/blackstone": {
    "criteria": {
      "has_the_recipe": "2024-06-04 01:44:22 +0000"
    },
    "done": true
  },
  "mcwwindows:recipes/spruce": {
    "criteria": {
      "has_the_recipe": "2024-06-04 01:44:22 +0000"
    },
    "done": true
  },
  "mcwwindows:recipes/dark_prismarine": {
    "criteria": {
      "has_the_recipe": "2024-06-04 01:44:22 +0000"
    },
    "done": true
  },
  "mcwwindows:recipes/acacia": {
    "criteria": {
      "has_the_recipe": "2024-06-04 01:44:22 +0000"
    },
    "done": true
  },
  "minecraft:recipes/building_blocks/oak_planks": {
    "criteria": {
      "has_logs": "2024-06-04 01:44:22 +0000"
    },
    "done": true
  },
  "mcwfurnitures:recipes/oak": {
    "criteria": {
      "has_wood": "2024-06-04 01:44:22 +0000"
    },
    "done": true
  },
  "mcwwindows:recipes/components": {
    "criteria": {
      "has_wood": "2024-06-04 01:44:22 +0000"
    },
    "done": true
  },
  "mcwwindows:recipes/stone": {
    "criteria": {
      "has_the_recipe": "2024-06-04 01:44:22 +0000"
    },
    "done": true
  },
  "mcwdoors:recipes/oak": {
    "criteria": {
      "has_wood": "2024-06-04 01:44:22 +0000"
    },
    "done": true
  },
  "mcwwindows:recipes/prismarine": {
    "criteria": {
      "has_the_recipe": "2024-06-04 01:44:22 +0000"
    },
    "done": true
  },
  "mcwwindows:recipes/crimson": {
    "criteria": {
      "has_the_recipe": "2024-06-04 01:44:22 +0000"
    },
    "done": true
  },
  "mcwwindows:recipes/birch": {
    "criteria": {
      "has_the_recipe": "2024-06-04 01:44:22 +0000"
    },
    "done": true
  },
  "minecraft:recipes/building_blocks/oak_wood": {
    "criteria": {
      "has_log": "2024-06-04 01:44:22 +0000"
    },
    "done": true
  },
  "mcwwindows:recipes/cherry": {
    "criteria": {
      "has_the_recipe": "2024-06-04 01:44:22 +0000"
    },
    "done": true
  },
  "mcwwindows:recipes/jungle": {
    "criteria": {
      "has_the_recipe": "2024-06-04 01:44:22 +0000"
    },
    "done": true
  },
  "minecraft:recipes/building_blocks/jungle_wood": {
    "criteria": {
      "has_log": "2024-06-04 01:45:03 +0000"
    },
    "done": true
  },
  "minecraft:recipes/building_blocks/jungle_planks": {
    "criteria": {
      "has_logs": "2024-06-04 01:45:03 +0000"
    },
    "done": true
  },
  "mcwdoors:recipes/jungle": {
    "criteria": {
      "has_wood": "2024-06-04 01:45:03 +0000"
    },
    "done": true
  },
  "mcwfurnitures:recipes/jungle": {
    "criteria": {
      "has_wood": "2024-06-04 01:45:03 +0000"
    },
    "done": true
  },
  "mcwbridges:recipes/jungle_bridge_pier": {
    "criteria": {
      "has_planks": "2024-06-04 01:45:03 +0000"
    },
    "done": true
  },
  "minecraft:recipes/decorations/ladder": {
    "criteria": {
      "has_stick": "2024-06-04 01:45:10 +0000"
    },
    "done": true
  },
  "minecraft:recipes/decorations/campfire": {
    "criteria": {
      "has_stick": "2024-06-04 01:45:10 +0000"
    },
    "done": true
  },
  "minecraft:recipes/tools/wooden_hoe": {
    "criteria": {
      "has_stick": "2024-06-04 01:45:10 +0000"
    },
    "done": true
  },
  "minecraft:recipes/tools/wooden_pickaxe": {
    "criteria": {
      "has_stick": "2024-06-04 01:45:10 +0000"
    },
    "done": true
  },
  "minecraft:recipes/tools/wooden_axe": {
    "criteria": {
      "has_stick": "2024-06-04 01:45:10 +0000"
    },
    "done": true
  },
  "minecraft:recipes/tools/wooden_shovel": {
    "criteria": {
      "has_stick": "2024-06-04 01:45:10 +0000"
    },
    "done": true
  },
  "minecraft:recipes/combat/wooden_sword": {
    "criteria": {
      "has_stick": "2024-06-04 01:45:10 +0000"
    },
    "done": true
  },
  "mcwfurnitures:recipes/acacia": {
    "criteria": {
      "has_wood": "2024-06-04 01:48:11 +0000"
    },
    "done": true
  },
  "mcwdoors:recipes/acacia": {
    "criteria": {
      "has_wood": "2024-06-04 01:48:11 +0000"
    },
    "done": true
  },
  "mcwbridges:recipes/acacia_bridge_pier": {
    "criteria": {
      "has_planks": "2024-06-04 01:48:11 +0000"
    },
    "done": true
  },
  "minecraft:recipes/building_blocks/acacia_wood": {
    "criteria": {
      "has_log": "2024-06-04 01:48:11 +0000"
    },
    "done": true
  },
  "minecraft:recipes/building_blocks/acacia_planks": {
    "criteria": {
      "has_log": "2024-06-04 01:48:11 +0000"
    },
    "done": true
  },
  "minecraft:recipes/decorations/chest": {
    "criteria": {
      "has_lots_of_items": "2024-06-04 01:48:17 +0000"
    },
    "done": true
  },
  "minecraft:recipes/building_blocks/oak_slab": {
    "criteria": {
      "has_planks": "2024-06-04 01:49:33 +0000"
    },
    "done": true
  },
  "minecraft:recipes/decorations/oak_sign": {
    "criteria": {
      "has_planks": "2024-06-04 01:49:33 +0000"
    },
    "done": true
  },
  "minecraft:recipes/redstone/oak_trapdoor": {
    "criteria": {
      "has_planks": "2024-06-04 01:49:33 +0000"
    },
    "done": true
  },
  "minecraft:recipes/redstone/oak_fence_gate": {
    "criteria": {
      "has_planks": "2024-06-04 01:49:33 +0000"
    },
    "done": true
  },
  "mcwwindows:recipes/blinds": {
    "criteria": {
      "has_wood": "2024-06-04 01:49:33 +0000"
    },
    "done": true
  },
  "minecraft:recipes/redstone/oak_pressure_plate": {
    "criteria": {
      "has_planks": "2024-06-04 01:49:33 +0000"
    },
    "done": true
  },
  "minecraft:recipes/redstone/oak_door": {
    "criteria": {
      "has_planks": "2024-06-04 01:49:33 +0000"
    },
    "done": true
  },
  "minecraft:recipes/misc/stick": {
    "criteria": {
      "has_planks": "2024-06-04 01:49:33 +0000"
    },
    "done": true
  },
  "minecraft:recipes/building_blocks/oak_stairs": {
    "criteria": {
      "has_planks": "2024-06-04 01:49:33 +0000"
    },
    "done": true
  },
  "minecraft:recipes/decorations/oak_fence": {
    "criteria": {
      "has_planks": "2024-06-04 01:49:33 +0000"
    },
    "done": true
  },
  "minecraft:recipes/decorations/barrel": {
    "criteria": {
      "has_planks": "2024-06-04 01:49:33 +0000"
    },
    "done": true
  },
  "mcwbridges:recipes/asian_red_bridge": {
    "criteria": {
      "has_planks": "2024-06-04 01:49:33 +0000"
    },
    "done": true
  },
  "mcwbridges:recipes/asian_red_bridge_pier": {
    "criteria": {
      "has_planks": "2024-06-04 01:49:33 +0000"
    },
    "done": true
  },
  "mcwwindows:recipes/parapets": {
    "criteria": {
      "has_wood": "2024-06-04 01:49:33 +0000",
      "has_the_recipe": "2024-06-04 01:49:33 +0000"
    },
    "done": true
  },
  "mcwbridges:recipes/oak_log_bridge_middle": {
    "criteria": {
      "has_planks": "2024-06-04 01:49:33 +0000"
    },
    "done": true
  },
  "mcwwindows:recipes/shutters": {
    "criteria": {
      "has_wood": "2024-06-04 01:49:33 +0000"
    },
    "done": true
  },
  "mcwbridges:recipes/rope_oak_bridge": {
    "criteria": {
      "has_planks": "2024-06-04 01:49:33 +0000"
    },
    "done": true
  },
  "minecraft:recipes/redstone/oak_button": {
    "criteria": {
      "has_planks": "2024-06-04 01:49:33 +0000"
    },
    "done": true
  },
  "mcwbridges:recipes/oak_rail_bridge": {
    "criteria": {
      "has_planks": "2024-06-04 01:49:33 +0000"
    },
    "done": true
  },
  "minecraft:story/root": {
    "criteria": {
      "crafting_table": "2024-06-04 01:49:35 +0000"
    },
    "done": true
  },
  "minecraft:recipes/redstone/lever": {
    "criteria": {
      "has_cobblestone": "2024-06-04 01:49:52 +0000"
    },
    "done": true
  },
  "mcwbridges:recipes/cobblestone_bridge": {
    "criteria": {
      "has_planks": "2024-06-04 01:49:52 +0000"
    },
    "done": true
  },
  "minecraft:recipes/combat/stone_sword": {
    "criteria": {
      "has_cobblestone": "2024-06-04 01:49:52 +0000"
    },
    "done": true
  },
  "minecraft:recipes/decorations/cobblestone_wall": {
    "criteria": {
      "has_cobblestone": "2024-06-04 01:49:52 +0000"
    },
    "done": true
  },
  "minecraft:recipes/tools/stone_pickaxe": {
    "criteria": {
      "has_cobblestone": "2024-06-04 01:49:52 +0000"
    },
    "done": true
  },
  "minecraft:recipes/tools/stone_axe": {
    "criteria": {
      "has_cobblestone": "2024-06-04 01:49:52 +0000"
    },
    "done": true
  },
  "mcwbridges:recipes/cobblestone_bridge_pier": {
    "criteria": {
      "has_planks": "2024-06-04 01:49:52 +0000"
    },
    "done": true
  },
  "minecraft:story/mine_stone": {
    "criteria": {
      "get_stone": "2024-06-04 01:49:52 +0000"
    },
    "done": true
  },
  "minecraft:recipes/decorations/furnace": {
    "criteria": {
      "has_cobblestone": "2024-06-04 01:49:52 +0000"
    },
    "done": true
  },
  "minecraft:recipes/building_blocks/cobblestone_slab": {
    "criteria": {
      "has_cobblestone": "2024-06-04 01:49:52 +0000"
    },
    "done": true
  },
  "minecraft:recipes/building_blocks/cobblestone_slab_from_cobblestone_stonecutting": {
    "criteria": {
      "has_cobblestone": "2024-06-04 01:49:52 +0000"
    },
    "done": true
  },
  "mcwbridges:recipes/cobblestone_bridge_stair": {
    "criteria": {
      "has_planks": "2024-06-04 01:49:52 +0000"
    },
    "done": true
  },
  "mcwbridges:recipes/balustrade_cobblestone_bridge": {
    "criteria": {
      "has_planks": "2024-06-04 01:49:52 +0000"
    },
    "done": true
  },
  "minecraft:recipes/building_blocks/stone": {
    "criteria": {
      "has_cobblestone": "2024-06-04 01:49:52 +0000"
    },
    "done": true
  },
  "minecraft:recipes/decorations/cobblestone_wall_from_cobblestone_stonecutting": {
    "criteria": {
      "has_cobblestone": "2024-06-04 01:49:52 +0000"
    },
    "done": true
  },
  "minecraft:recipes/building_blocks/cobblestone_stairs_from_cobblestone_stonecutting": {
    "criteria": {
      "has_cobblestone": "2024-06-04 01:49:52 +0000"
    },
    "done": true
  },
  "minecraft:recipes/building_blocks/cobblestone_stairs": {
    "criteria": {
      "has_cobblestone": "2024-06-04 01:49:52 +0000"
    },
    "done": true
  },
  "minecraft:recipes/tools/stone_hoe": {
    "criteria": {
      "has_cobblestone": "2024-06-04 01:49:52 +0000"
    },
    "done": true
  },
  "minecraft:recipes/tools/stone_shovel": {
    "criteria": {
      "has_cobblestone": "2024-06-04 01:49:52 +0000"
    },
    "done": true
  },
  "minecraft:recipes/misc/iron_nugget_from_smelting": {
    "criteria": {
      "has_iron_axe": "2024-06-04 01:55:50 +0000"
    },
    "done": true
  },
  "minecraft:recipes/misc/iron_nugget_from_blasting": {
    "criteria": {
      "has_iron_axe": "2024-06-04 01:55:50 +0000"
    },
    "done": true
  },
  "minecraft:recipes/misc/white_dye": {
    "criteria": {
      "has_bone_meal": "2024-06-04 01:56:18 +0000"
    },
    "done": true
  },
  "minecraft:recipes/building_blocks/bone_block": {
    "criteria": {
      "has_bone_meal": "2024-06-04 01:56:18 +0000"
    },
    "done": true
  },
  "minecraft:recipes/transportation/mangrove_boat": {
    "criteria": {
      "in_water": "2024-06-04 01:59:53 +0000"
    },
    "done": true
  },
  "minecraft:recipes/transportation/carrot_on_a_stick": {
    "criteria": {
      "has_carrot": "2024-06-04 01:59:53 +0000"
    },
    "done": true
  },
  "minecraft:recipes/transportation/acacia_boat": {
    "criteria": {
      "in_water": "2024-06-04 01:59:53 +0000"
    },
    "done": true
  },
  "minecraft:recipes/transportation/cherry_boat": {
    "criteria": {
      "in_water": "2024-06-04 01:59:53 +0000"
    },
    "done": true
  },
  "minecraft:recipes/transportation/bamboo_raft": {
    "criteria": {
      "in_water": "2024-06-04 01:59:53 +0000"
    },
    "done": true
  },
  "minecraft:recipes/transportation/spruce_boat": {
    "criteria": {
      "in_water": "2024-06-04 01:59:53 +0000"
    },
    "done": true
  },
  "minecraft:recipes/transportation/birch_boat": {
    "criteria": {
      "in_water": "2024-06-04 01:59:53 +0000"
    },
    "done": true
  },
  "minecraft:recipes/transportation/oak_boat": {
    "criteria": {
      "in_water": "2024-06-04 01:59:53 +0000"
    },
    "done": true
  },
  "minecraft:recipes/transportation/jungle_boat": {
    "criteria": {
      "in_water": "2024-06-04 01:59:53 +0000"
    },
    "done": true
  },
  "minecraft:recipes/transportation/dark_oak_boat": {
    "criteria": {
      "in_water": "2024-06-04 01:59:53 +0000"
    },
    "done": true
  },
  "minecraft:husbandry/balanced_diet": {
    "criteria": {
      "rotten_flesh": "2024-06-04 02:00:07 +0000",
      "cooked_chicken": "2024-06-04 02:08:54 +0000",
      "carrot": "2024-06-04 01:59:59 +0000"
    },
    "done": false
  },
  "minecraft:husbandry/root": {
    "criteria": {
      "consumed_item": "2024-06-04 01:59:59 +0000"
    },
    "done": true
  },
  "minecraft:recipes/decorations/torch": {
    "criteria": {
      "has_stone_pickaxe": "2024-06-04 02:00:54 +0000"
    },
    "done": true
  },
  "minecraft:story/upgrade_tools": {
    "criteria": {
      "stone_pickaxe": "2024-06-04 02:00:54 +0000"
    },
    "done": true
  },
  "mcwbridges:recipes/bridge_lantern": {
    "criteria": {
      "has_planks": "2024-06-04 02:01:14 +0000"
    },
    "done": true
  },
  "minecraft:recipes/building_blocks/coal_block": {
    "criteria": {
      "has_coal": "2024-06-04 02:01:14 +0000"
    },
    "done": true
  },
  "minecraft:recipes/food/cooked_chicken": {
    "criteria": {
      "has_the_recipe": "2024-06-04 02:08:50 +0000"
    },
    "done": true
  },
  "DataVersion": 3465
}